delivery_id,order_id,outlet_id,ship_time,sign_time,actual_hours_calc,abnormal_type,abnormal_reason
D000001,ORD002216,O011,2026-05-30 12:45:00,2026-05-31 12:51:00,24.1,配送超时,配送时长超过规则阈值
D000002,ORD002583,O039,2026-03-21 09:57:00,2026-03-23 14:15:00,52.3,配送超时,配送时长超过规则阈值
D000004,ORD003028,O037,2026-05-02 11:14:00,2026-05-05 06:20:00,67.1,配送超时,配送时长超过规则阈值
D000006,ORD002681,O005,2026-06-06 10:36:00,2026-06-07 13:00:00,26.4,配送超时,配送时长超过规则阈值
D000007,ORD001766,O059,2026-03-19 13:06:00,2026-03-21 22:00:00,56.9,配送超时,配送时长超过规则阈值
D000009,ORD004055,O046,2026-05-25 11:46:00,2026-05-27 22:46:00,59.0,配送超时,配送时长超过规则阈值
D000012,ORD002945,O010,2026-05-15 10:18:00,2026-05-16 08:06:00,21.8,配送超时,配送时长超过规则阈值
D000014,ORD004292,O044,2026-04-11 19:36:00,2026-04-13 15:30:00,43.9,配送超时,配送时长超过规则阈值
D000018,ORD004998,O033,2026-04-06 12:32:00,2026-04-08 16:44:00,52.2,配送超时,配送时长超过规则阈值
D000021,ORD003933,O013,2026-04-03 15:27:00,2026-04-04 11:39:00,20.2,配送超时,配送时长超过规则阈值
D000022,ORD005957,O049,2026-06-02 19:13:00,2026-06-04 18:37:00,47.4,配送超时,配送时长超过规则阈值
D000024,ORD007597,O008,2026-04-16 11:03:00,2026-04-17 11:33:00,24.5,配送超时,配送时长超过规则阈值
D000025,ORD000795,O048,2026-05-18 12:56:00,2026-05-20 15:32:00,50.6,配送超时,配送时长超过规则阈值
D000027,ORD007941,O045,2026-04-17 16:51:00,2026-04-19 18:03:00,49.2,配送超时,配送时长超过规则阈值
D000031,ORD000812,O010,2026-04-07 10:59:00,2026-04-08 18:17:00,31.3,配送超时,配送时长超过规则阈值
D000033,ORD006932,O036,2026-04-25 19:04:00,2026-04-28 05:16:00,58.2,配送超时,配送时长超过规则阈值
D000038,ORD004795,O012,2026-03-25 19:15:00,2026-03-27 01:57:00,30.7,配送超时,配送时长超过规则阈值
D000040,ORD001018,O020,2026-06-09 14:39:00,2026-06-10 16:57:00,26.3,配送超时,配送时长超过规则阈值
D000041,ORD002816,O034,2026-03-29 16:33:00,2026-03-31 19:45:00,51.2,配送超时,配送时长超过规则阈值
D000042,ORD002717,O021,2026-05-01 13:00:00,2026-05-03 14:36:00,49.6,配送超时,配送时长超过规则阈值
D000046,ORD005166,O033,2026-05-28 11:00:00,2026-05-30 23:12:00,60.2,配送超时,配送时长超过规则阈值
D000052,ORD004020,O007,2026-04-08 15:02:00,2026-04-09 12:44:00,21.7,配送超时,配送时长超过规则阈值
D000060,ORD000867,O036,2026-05-03 07:22:00,2026-05-05 14:46:00,55.4,配送超时,配送时长超过规则阈值
D000061,ORD005592,O028,2026-06-12 09:00:00,2026-06-14 12:18:00,51.3,配送超时,配送时长超过规则阈值
D000063,ORD000466,O008,2026-06-08 07:57:00,2026-06-09 04:57:00,21.0,配送超时,配送时长超过规则阈值
D000065,ORD004962,O028,2026-05-25 18:29:00,2026-05-28 02:59:00,56.5,配送超时,配送时长超过规则阈值
D000069,ORD001503,O046,2026-04-18 13:04:00,2026-04-21 02:22:00,61.3,配送超时,配送时长超过规则阈值
D000078,ORD005828,O007,2026-05-16 10:28:00,2026-05-17 15:40:00,29.2,配送超时,配送时长超过规则阈值
D000082,ORD003291,O039,2026-03-24 19:36:00,2026-03-27 10:30:00,62.9,配送超时,配送时长超过规则阈值
D000085,ORD001003,O013,2026-04-11 19:31:00,2026-04-12 11:49:00,16.3,配送超时,配送时长超过规则阈值
D000086,ORD006756,O007,2026-06-12 08:56:00,2026-06-13 03:44:00,18.8,配送超时,配送时长超过规则阈值
D000089,ORD002174,O047,2026-05-30 17:36:00,2026-06-01 21:06:00,51.5,配送超时,配送时长超过规则阈值
D000093,ORD000519,O011,2026-03-26 12:01:00,2026-03-27 13:13:00,25.2,配送超时,配送时长超过规则阈值
D000094,ORD006989,O022,2026-05-02 18:18:00,2026-05-04 21:54:00,51.6,配送超时,配送时长超过规则阈值
D000097,ORD001010,O011,2026-04-07 18:42:00,2026-04-08 20:36:00,25.9,配送超时,配送时长超过规则阈值
D000098,ORD006318,O023,2026-06-09 11:41:00,2026-06-11 18:41:00,55.0,配送超时,配送时长超过规则阈值
D000101,ORD001075,O019,2026-05-12 19:05:00,2026-05-13 21:23:00,26.3,配送超时,配送时长超过规则阈值
D000105,ORD006748,O040,2026-04-08 08:53:00,2026-04-10 17:17:00,56.4,配送超时,配送时长超过规则阈值
D000109,ORD004862,O026,2026-04-14 12:03:00,2026-04-16 08:03:00,44.0,配送超时,配送时长超过规则阈值
D000113,ORD002479,O041,2026-05-18 09:57:00,2026-05-20 13:15:00,51.3,配送超时,配送时长超过规则阈值
D000114,ORD000350,O049,2026-04-17 14:07:00,2026-04-20 07:49:00,65.7,配送超时,配送时长超过规则阈值
D000117,ORD007558,O026,2026-05-27 16:38:00,2026-05-30 01:38:00,57.0,配送超时,配送时长超过规则阈值
D000120,ORD005603,O058,2026-04-03 10:17:00,2026-04-05 12:17:00,50.0,配送超时,配送时长超过规则阈值
D000122,ORD006424,O032,2026-03-25 18:06:00,2026-03-28 14:06:00,68.0,配送超时,配送时长超过规则阈值
D000125,ORD005403,O020,2026-05-01 19:23:00,2026-05-02 18:35:00,23.2,配送超时,配送时长超过规则阈值
D000126,ORD001678,O018,2026-05-28 15:25:00,2026-05-29 16:31:00,25.1,配送超时,配送时长超过规则阈值
D000129,ORD004953,O039,2026-04-29 18:32:00,2026-05-01 14:32:00,44.0,配送超时,配送时长超过规则阈值
D000130,ORD004705,O051,2026-06-11 14:35:00,2026-06-14 00:23:00,57.8,配送超时,配送时长超过规则阈值
D000136,ORD005338,O051,2026-04-09 09:25:00,2026-04-11 11:07:00,49.7,配送超时,配送时长超过规则阈值
D000138,ORD006125,O055,2026-04-22 15:10:00,2026-04-24 21:46:00,54.6,配送超时,配送时长超过规则阈值
D000139,ORD003264,O002,2026-03-28 19:30:00,2026-03-29 15:30:00,20.0,配送超时,配送时长超过规则阈值
D000145,ORD001551,O058,2026-06-14 09:07:00,2026-06-16 13:13:00,52.1,配送超时,配送时长超过规则阈值
D000152,ORD003657,O002,2026-04-19 17:24:00,2026-04-20 23:42:00,30.3,配送超时,配送时长超过规则阈值
D000155,ORD003287,O013,2026-06-13 18:36:00,2026-06-14 19:06:00,24.5,配送超时,配送时长超过规则阈值
D000158,ORD006488,O060,2026-05-12 07:16:00,2026-05-13 20:34:00,37.3,配送超时,配送时长超过规则阈值
D000159,ORD000648,O024,2026-03-20 18:52:00,2026-03-22 20:40:00,49.8,配送超时,配送时长超过规则阈值
D000162,ORD007679,O026,2026-05-04 15:54:00,2026-05-07 06:24:00,62.5,配送超时,配送时长超过规则阈值
D000176,ORD006689,O053,2026-05-26 17:20:00,2026-05-28 22:14:00,52.9,配送超时,配送时长超过规则阈值
D000181,ORD005245,O033,2026-05-04 08:03:00,2026-05-06 18:15:00,58.2,配送超时,配送时长超过规则阈值
D000182,ORD005037,O036,2026-04-17 13:17:00,2026-04-19 15:17:00,50.0,配送超时,配送时长超过规则阈值
D000183,ORD000555,O041,2026-04-05 09:23:00,2026-04-07 08:59:00,47.6,配送超时,配送时长超过规则阈值
D000184,ORD007312,O002,2026-05-27 18:16:00,2026-05-28 20:28:00,26.2,配送超时,配送时长超过规则阈值
D000188,ORD001700,O022,2026-06-06 19:15:00,2026-06-09 09:33:00,62.3,配送超时,配送时长超过规则阈值
D000189,ORD006727,O002,2026-05-20 09:57:00,2026-05-21 03:45:00,17.8,配送超时,配送时长超过规则阈值
D000198,ORD001913,O011,2026-04-16 12:36:00,2026-04-17 14:48:00,26.2,配送超时,配送时长超过规则阈值
D000207,ORD004443,O049,2026-05-27 18:12:00,2026-05-29 18:24:00,48.2,配送超时,配送时长超过规则阈值
D000209,ORD007129,O038,2026-05-09 19:53:00,2026-05-11 08:29:00,36.6,配送超时,配送时长超过规则阈值
D000210,ORD000240,O013,2026-03-19 12:04:00,2026-03-20 16:10:00,28.1,配送超时,配送时长超过规则阈值
D000214,ORD003211,O016,2026-04-04 16:59:00,2026-04-05 07:05:00,14.1,配送超时,配送时长超过规则阈值
D000215,ORD000102,O060,2026-04-13 10:48:00,2026-04-15 11:06:00,48.3,配送超时,配送时长超过规则阈值
D000220,ORD000738,O029,2026-05-25 13:35:00,2026-05-27 01:47:00,36.2,配送超时,配送时长超过规则阈值
D000224,ORD007288,O003,2026-05-31 09:24:00,2026-06-01 02:00:00,16.6,配送超时,配送时长超过规则阈值
D000228,ORD006614,O024,2026-03-19 18:32:00,2026-03-21 23:02:00,52.5,配送超时,配送时长超过规则阈值
D000230,ORD005005,O019,2026-04-23 09:11:00,2026-04-24 00:47:00,15.6,配送超时,配送时长超过规则阈值
D000242,ORD005539,O018,2026-04-20 09:29:00,2026-04-21 02:17:00,16.8,配送超时,配送时长超过规则阈值
D000243,ORD000335,O021,2026-04-28 15:34:00,2026-05-01 03:34:00,60.0,配送超时,配送时长超过规则阈值
D000248,ORD003862,O037,2026-04-15 12:51:00,2026-04-17 18:03:00,53.2,配送超时,配送时长超过规则阈值
D000249,ORD007410,O043,2026-04-16 08:22:00,2026-04-18 15:04:00,54.7,配送超时,配送时长超过规则阈值
D000250,ORD004646,O046,2026-04-29 15:13:00,2026-05-01 18:37:00,51.4,配送超时,配送时长超过规则阈值
D000255,ORD000541,O040,2026-05-18 11:42:00,2026-05-20 23:42:00,60.0,配送超时,配送时长超过规则阈值
D000257,ORD002030,O051,2026-05-05 18:07:00,2026-05-08 01:37:00,55.5,配送超时,配送时长超过规则阈值
D000260,ORD007574,O035,2026-04-28 13:23:00,2026-04-30 17:05:00,51.7,配送超时,配送时长超过规则阈值
D000262,ORD002112,O004,2026-03-24 10:04:00,2026-03-25 00:10:00,14.1,配送超时,配送时长超过规则阈值
D000266,ORD002457,O026,2026-03-31 18:36:00,2026-04-03 02:30:00,55.9,配送超时,配送时长超过规则阈值
D000268,ORD002345,O002,2026-06-13 08:53:00,2026-06-14 11:29:00,26.6,配送超时,配送时长超过规则阈值
D000269,ORD000096,O018,2026-04-12 19:22:00,2026-04-13 22:58:00,27.6,配送超时,配送时长超过规则阈值
D000271,ORD007865,O012,2026-05-16 19:06:00,2026-05-17 21:24:00,26.3,配送超时,配送时长超过规则阈值
D000272,ORD005224,O003,2026-04-05 16:13:00,2026-04-06 18:43:00,26.5,配送超时,配送时长超过规则阈值
D000273,ORD002115,O045,2026-04-25 12:45:00,2026-04-27 19:45:00,55.0,配送超时,配送时长超过规则阈值
D000280,ORD002813,O028,2026-05-21 12:47:00,2026-05-23 15:17:00,50.5,配送超时,配送时长超过规则阈值
D000282,ORD000252,O046,2026-05-02 09:25:00,2026-05-04 07:31:00,46.1,配送超时,配送时长超过规则阈值
D000283,ORD006636,O036,2026-06-14 17:09:00,2026-06-17 02:03:00,56.9,配送超时,配送时长超过规则阈值
D000284,ORD001023,O011,2026-06-09 12:10:00,2026-06-10 13:34:00,25.4,配送超时,配送时长超过规则阈值
D000290,ORD000626,O038,2026-05-15 16:08:00,2026-05-17 20:14:00,52.1,配送超时,配送时长超过规则阈值
D000292,ORD002111,O047,2026-03-23 12:12:00,2026-03-25 20:00:00,55.8,配送超时,配送时长超过规则阈值
D000302,ORD000158,O051,2026-05-07 18:18:00,2026-05-09 15:42:00,45.4,配送超时,配送时长超过规则阈值
D000304,ORD002200,O041,2026-04-21 10:30:00,2026-04-23 15:24:00,52.9,配送超时,配送时长超过规则阈值
D000305,ORD003095,O020,2026-04-30 16:20:00,2026-05-01 19:44:00,27.4,配送超时,配送时长超过规则阈值
D000316,ORD003323,O051,2026-05-29 08:03:00,2026-05-31 02:09:00,42.1,配送超时,配送时长超过规则阈值
D000325,ORD006544,O035,2026-06-08 13:14:00,2026-06-10 07:32:00,42.3,配送超时,配送时长超过规则阈值
D000326,ORD002108,O052,2026-06-10 09:39:00,2026-06-12 11:15:00,49.6,配送超时,配送时长超过规则阈值
D000340,ORD007774,O003,2026-03-24 15:09:00,2026-03-25 18:15:00,27.1,配送超时,配送时长超过规则阈值
D000345,ORD006061,O015,2026-04-25 11:12:00,2026-04-26 12:54:00,25.7,配送超时,配送时长超过规则阈值
D000349,ORD007289,O025,2026-04-01 09:24:00,2026-04-03 14:24:00,53.0,配送超时,配送时长超过规则阈值
D000350,ORD005503,O060,2026-03-20 08:08:00,2026-03-22 14:20:00,54.2,配送超时,配送时长超过规则阈值
D000353,ORD007699,O004,2026-05-22 07:14:00,2026-05-23 12:26:00,29.2,配送超时,配送时长超过规则阈值
D000354,ORD000744,O052,2026-04-08 16:23:00,2026-04-10 16:29:00,48.1,配送超时,配送时长超过规则阈值
D000356,ORD002234,O026,2026-04-03 19:41:00,2026-04-05 21:41:00,50.0,配送超时,配送时长超过规则阈值
D000358,ORD006247,O048,2026-04-01 07:48:00,2026-04-03 10:36:00,50.8,配送超时,配送时长超过规则阈值
D000359,ORD006097,O037,2026-04-06 10:23:00,2026-04-08 21:11:00,58.8,配送超时,配送时长超过规则阈值
D000360,ORD007771,O009,2026-04-10 10:01:00,2026-04-11 08:07:00,22.1,配送超时,配送时长超过规则阈值
D000361,ORD005278,O003,2026-03-31 08:11:00,2026-04-01 02:29:00,18.3,配送超时,配送时长超过规则阈值
D000366,ORD001702,O027,2026-03-23 14:22:00,2026-03-26 07:22:00,65.0,配送超时,配送时长超过规则阈值
D000367,ORD000997,O051,2026-04-16 19:37:00,2026-04-19 06:19:00,58.7,配送超时,配送时长超过规则阈值
D000368,ORD004039,O005,2026-05-14 10:55:00,2026-05-15 11:55:00,25.0,配送超时,配送时长超过规则阈值
D000376,ORD005147,O009,2026-05-18 14:54:00,2026-05-19 12:12:00,21.3,配送超时,配送时长超过规则阈值
D000377,ORD001085,O029,2026-04-05 12:59:00,2026-04-07 14:35:00,49.6,配送超时,配送时长超过规则阈值
D000379,ORD001923,O002,2026-06-06 14:30:00,2026-06-07 06:48:00,16.3,配送超时,配送时长超过规则阈值
D000382,ORD001347,O034,2026-04-09 07:08:00,2026-04-11 19:20:00,60.2,配送超时,配送时长超过规则阈值
D000383,ORD005923,O047,2026-05-18 13:51:00,2026-05-20 18:03:00,52.2,配送超时,配送时长超过规则阈值
D000384,ORD001177,O055,2026-06-01 07:13:00,2026-06-03 08:19:00,49.1,配送超时,配送时长超过规则阈值
D000386,ORD007037,O060,2026-04-27 16:25:00,2026-04-30 02:25:00,58.0,配送超时,配送时长超过规则阈值
D000389,ORD004839,O030,2026-04-12 15:44:00,2026-04-15 04:26:00,60.7,配送超时,配送时长超过规则阈值
D000398,ORD006528,O058,2026-04-12 16:17:00,2026-04-14 23:11:00,54.9,配送超时,配送时长超过规则阈值
D000400,ORD003734,O025,2026-06-02 16:11:00,2026-06-04 23:59:00,55.8,配送超时,配送时长超过规则阈值
D000401,ORD000394,O034,2026-06-06 16:09:00,2026-06-08 19:57:00,51.8,配送超时,配送时长超过规则阈值
D000406,ORD000677,O023,2026-06-15 09:01:00,2026-06-17 14:37:00,53.6,配送超时,配送时长超过规则阈值
D000407,ORD006464,O009,2026-03-27 07:33:00,2026-03-28 03:39:00,20.1,配送超时,配送时长超过规则阈值
D000414,ORD006343,O032,2026-04-21 12:31:00,2026-04-23 21:01:00,56.5,配送超时,配送时长超过规则阈值
D000420,ORD007160,O027,2026-04-09 17:20:00,2026-04-11 22:32:00,53.2,配送超时,配送时长超过规则阈值
D000422,ORD004571,O044,2026-04-25 16:00:00,2026-04-27 04:18:00,36.3,配送超时,配送时长超过规则阈值
D000425,ORD007535,O039,2026-05-11 19:30:00,2026-05-13 20:54:00,49.4,配送超时,配送时长超过规则阈值
D000432,ORD005608,O023,2026-05-07 07:56:00,2026-05-09 13:02:00,53.1,配送超时,配送时长超过规则阈值
D000435,ORD000737,O014,2026-04-10 17:02:00,2026-04-11 05:26:00,12.4,配送超时,配送时长超过规则阈值
D000438,ORD002898,O016,2026-05-13 13:16:00,2026-05-14 13:22:00,24.1,配送超时,配送时长超过规则阈值
D000439,ORD003245,O028,2026-03-22 11:54:00,2026-03-24 07:54:00,44.0,配送超时,配送时长超过规则阈值
D000440,ORD005365,O037,2026-04-16 08:19:00,2026-04-18 09:25:00,49.1,配送超时,配送时长超过规则阈值
D000441,ORD003289,O024,2026-03-22 19:30:00,2026-03-25 07:54:00,60.4,配送超时,配送时长超过规则阈值
D000445,ORD003300,O030,2026-04-17 09:28:00,2026-04-19 14:46:00,53.3,配送超时,配送时长超过规则阈值
D000446,ORD002474,O023,2026-04-15 12:21:00,2026-04-17 16:39:00,52.3,配送超时,配送时长超过规则阈值
D000451,ORD007894,O016,2026-05-15 07:38:00,2026-05-16 14:02:00,30.4,配送超时,配送时长超过规则阈值
D000452,ORD002599,O054,2026-05-20 19:33:00,2026-05-22 20:39:00,49.1,配送超时,配送时长超过规则阈值
D000454,ORD002604,O003,2026-04-22 14:06:00,2026-04-23 02:36:00,12.5,配送超时,配送时长超过规则阈值
D000459,ORD001079,O053,2026-04-10 14:36:00,2026-04-13 08:36:00,66.0,配送超时,配送时长超过规则阈值
D000463,ORD003833,O016,2026-05-05 10:50:00,2026-05-06 14:32:00,27.7,配送超时,配送时长超过规则阈值
D000465,ORD000080,O021,2026-03-22 12:27:00,2026-03-24 12:45:00,48.3,配送超时,配送时长超过规则阈值
D000466,ORD002586,O019,2026-04-16 15:14:00,2026-04-17 05:14:00,14.0,配送超时,配送时长超过规则阈值
D000468,ORD006817,O009,2026-06-06 10:38:00,2026-06-07 04:56:00,18.3,配送超时,配送时长超过规则阈值
D000474,ORD001787,O023,2026-05-16 11:34:00,2026-05-18 18:16:00,54.7,配送超时,配送时长超过规则阈值
D000477,ORD002252,O005,2026-05-10 09:33:00,2026-05-11 10:33:00,25.0,配送超时,配送时长超过规则阈值
D000483,ORD005778,O053,2026-04-17 15:28:00,2026-04-19 17:46:00,50.3,配送超时,配送时长超过规则阈值
D000487,ORD006763,O024,2026-05-27 13:58:00,2026-05-29 22:34:00,56.6,配送超时,配送时长超过规则阈值
D000491,ORD000150,O021,2026-03-31 10:19:00,2026-04-02 14:31:00,52.2,配送超时,配送时长超过规则阈值
D000497,ORD002339,O003,2026-03-28 17:34:00,2026-03-29 17:46:00,24.2,配送超时,配送时长超过规则阈值
D000499,ORD000170,O039,2026-04-09 14:24:00,2026-04-12 10:24:00,68.0,配送超时,配送时长超过规则阈值
D000500,ORD004551,O047,2026-03-25 09:33:00,2026-03-27 12:33:00,51.0,配送超时,配送时长超过规则阈值
D000501,ORD001516,O009,2026-03-23 11:27:00,2026-03-24 00:21:00,12.9,配送超时,配送时长超过规则阈值
D000503,ORD001480,O047,2026-03-19 10:22:00,2026-03-21 15:58:00,53.6,配送超时,配送时长超过规则阈值
D000504,ORD001616,O035,2026-05-12 07:41:00,2026-05-14 16:47:00,57.1,配送超时,配送时长超过规则阈值
D000508,ORD002580,O037,2026-06-15 08:20:00,2026-06-17 19:14:00,58.9,配送超时,配送时长超过规则阈值
D000515,ORD004514,O043,2026-05-30 14:27:00,2026-06-02 01:57:00,59.5,配送超时,配送时长超过规则阈值
D000516,ORD002878,O029,2026-06-15 16:22:00,2026-06-17 10:40:00,42.3,配送超时,配送时长超过规则阈值
D000522,ORD001222,O056,2026-05-24 09:54:00,2026-05-26 12:00:00,50.1,配送超时,配送时长超过规则阈值
D000524,ORD000510,O008,2026-04-09 18:04:00,2026-04-10 08:52:00,14.8,配送超时,配送时长超过规则阈值
D000525,ORD000998,O019,2026-04-14 08:04:00,2026-04-15 00:10:00,16.1,配送超时,配送时长超过规则阈值
D000527,ORD004512,O018,2026-04-18 12:37:00,2026-04-19 03:49:00,15.2,配送超时,配送时长超过规则阈值
D000528,ORD007101,O045,2026-05-31 07:13:00,2026-06-02 16:55:00,57.7,配送超时,配送时长超过规则阈值
D000532,ORD007252,O048,2026-05-10 12:49:00,2026-05-12 19:37:00,54.8,配送超时,配送时长超过规则阈值
D000533,ORD005307,O019,2026-04-04 15:11:00,2026-04-05 12:29:00,21.3,配送超时,配送时长超过规则阈值
D000535,ORD007875,O051,2026-06-07 12:47:00,2026-06-09 05:29:00,40.7,配送超时,配送时长超过规则阈值
D000536,ORD003871,O009,2026-04-21 19:47:00,2026-04-22 20:11:00,24.4,配送超时,配送时长超过规则阈值
D000539,ORD007374,O013,2026-03-29 14:57:00,2026-03-30 05:21:00,14.4,配送超时,配送时长超过规则阈值
D000542,ORD006873,O034,2026-04-02 11:27:00,2026-04-04 02:51:00,39.4,配送超时,配送时长超过规则阈值
D000543,ORD004739,O010,2026-06-06 14:12:00,2026-06-07 09:54:00,19.7,配送超时,配送时长超过规则阈值
D000555,ORD001006,O035,2026-05-15 16:26:00,2026-05-17 17:44:00,49.3,配送超时,配送时长超过规则阈值
D000559,ORD005892,O009,2026-04-25 19:52:00,2026-04-26 14:34:00,18.7,配送超时,配送时长超过规则阈值
D000560,ORD002756,O009,2026-04-17 17:40:00,2026-04-18 22:40:00,29.0,配送超时,配送时长超过规则阈值
D000562,ORD000409,O048,2026-05-01 15:01:00,2026-05-04 01:19:00,58.3,配送超时,配送时长超过规则阈值
D000565,ORD007711,O019,2026-06-02 10:50:00,2026-06-03 13:08:00,26.3,配送超时,配送时长超过规则阈值
D000570,ORD003800,O051,2026-04-08 09:43:00,2026-04-10 18:01:00,56.3,配送超时,配送时长超过规则阈值
D000572,ORD001671,O037,2026-04-28 10:05:00,2026-04-30 13:17:00,51.2,配送超时,配送时长超过规则阈值
D000580,ORD001742,O025,2026-04-09 15:49:00,2026-04-11 18:07:00,50.3,配送超时,配送时长超过规则阈值
D000581,ORD001670,O035,2026-04-27 09:29:00,2026-04-29 12:41:00,51.2,配送超时,配送时长超过规则阈值
D000589,ORD001729,O036,2026-04-12 14:46:00,2026-04-14 13:22:00,46.6,配送超时,配送时长超过规则阈值
D000593,ORD000329,O048,2026-05-04 10:01:00,2026-05-06 04:19:00,42.3,配送超时,配送时长超过规则阈值
D000600,ORD006063,O052,2026-06-14 11:12:00,2026-06-16 14:12:00,51.0,配送超时,配送时长超过规则阈值
D000609,ORD005191,O025,2026-03-20 07:34:00,2026-03-22 19:28:00,59.9,配送超时,配送时长超过规则阈值
D000612,ORD007642,O058,2026-05-02 18:21:00,2026-05-05 04:03:00,57.7,配送超时,配送时长超过规则阈值
D000616,ORD007443,O029,2026-05-04 19:35:00,2026-05-06 22:41:00,51.1,配送超时,配送时长超过规则阈值
D000619,ORD005827,O016,2026-03-23 13:56:00,2026-03-24 04:56:00,15.0,配送超时,配送时长超过规则阈值
D000620,ORD000743,O040,2026-04-24 11:19:00,2026-04-26 16:55:00,53.6,配送超时,配送时长超过规则阈值
D000621,ORD002209,O053,2026-06-12 10:52:00,2026-06-14 10:10:00,47.3,配送超时,配送时长超过规则阈值
D000630,ORD003911,O048,2026-04-23 15:11:00,2026-04-25 09:35:00,42.4,配送超时,配送时长超过规则阈值
D000634,ORD003140,O047,2026-03-19 19:23:00,2026-03-21 13:11:00,41.8,配送超时,配送时长超过规则阈值
D000636,ORD003568,O044,2026-05-14 18:49:00,2026-05-17 09:13:00,62.4,配送超时,配送时长超过规则阈值
D000637,ORD006986,O020,2026-04-24 17:09:00,2026-04-25 19:57:00,26.8,配送超时,配送时长超过规则阈值
D000639,ORD000713,O042,2026-03-24 14:57:00,2026-03-27 03:51:00,60.9,配送超时,配送时长超过规则阈值
D000640,ORD001415,O019,2026-04-07 18:06:00,2026-04-09 01:18:00,31.2,配送超时,配送时长超过规则阈值
D000641,ORD002803,O027,2026-06-15 08:48:00,2026-06-17 10:18:00,49.5,配送超时,配送时长超过规则阈值
D000644,ORD006563,O048,2026-05-26 14:31:00,2026-05-29 06:13:00,63.7,配送超时,配送时长超过规则阈值
D000645,ORD007018,O032,2026-04-12 13:39:00,2026-04-14 18:33:00,52.9,配送超时,配送时长超过规则阈值
D000646,ORD006607,O009,2026-05-17 10:26:00,2026-05-18 12:38:00,26.2,配送超时,配送时长超过规则阈值
D000647,ORD001028,O015,2026-05-31 17:49:00,2026-06-01 13:55:00,20.1,配送超时,配送时长超过规则阈值
D000655,ORD003783,O022,2026-04-17 11:12:00,2026-04-19 18:06:00,54.9,配送超时,配送时长超过规则阈值
D000658,ORD001657,O021,2026-03-30 19:44:00,2026-04-02 06:32:00,58.8,配送超时,配送时长超过规则阈值
D000664,ORD002796,O037,2026-04-12 10:41:00,2026-04-14 21:59:00,59.3,配送超时,配送时长超过规则阈值
D000669,ORD001054,O013,2026-05-07 17:26:00,2026-05-08 18:14:00,24.8,配送超时,配送时长超过规则阈值
D000670,ORD005563,O012,2026-06-07 18:00:00,2026-06-08 07:36:00,13.6,配送超时,配送时长超过规则阈值
D000671,ORD006054,O047,2026-03-23 15:14:00,2026-03-25 15:32:00,48.3,配送超时,配送时长超过规则阈值
D000672,ORD000382,O058,2026-05-18 14:41:00,2026-05-20 19:47:00,53.1,配送超时,配送时长超过规则阈值
D000674,ORD000070,O033,2026-06-03 16:42:00,2026-06-05 10:00:00,41.3,配送超时,配送时长超过规则阈值
D000676,ORD002752,O034,2026-05-23 17:47:00,2026-05-26 13:47:00,68.0,配送超时,配送时长超过规则阈值
D000677,ORD001430,O037,2026-04-05 09:01:00,2026-04-08 05:01:00,68.0,配送超时,配送时长超过规则阈值
D000681,ORD006612,O059,2026-06-12 13:49:00,2026-06-15 01:13:00,59.4,配送超时,配送时长超过规则阈值
D000684,ORD003008,O011,2026-06-10 07:14:00,2026-06-11 08:44:00,25.5,配送超时,配送时长超过规则阈值
D000692,ORD006665,O034,2026-04-18 12:43:00,2026-04-20 18:55:00,54.2,配送超时,配送时长超过规则阈值
D000693,ORD007588,O006,2026-06-11 18:34:00,2026-06-12 17:22:00,22.8,配送超时,配送时长超过规则阈值
D000696,ORD006475,O006,2026-05-11 10:27:00,2026-05-12 03:51:00,17.4,配送超时,配送时长超过规则阈值
D000698,ORD007384,O051,2026-04-01 18:53:00,2026-04-04 13:11:00,66.3,配送超时,配送时长超过规则阈值
D000702,ORD000829,O050,2026-04-28 09:22:00,2026-04-30 20:46:00,59.4,配送超时,配送时长超过规则阈值
D000703,ORD007432,O025,2026-03-20 17:00:00,2026-03-23 03:36:00,58.6,配送超时,配送时长超过规则阈值
D000706,ORD006537,O036,2026-05-05 08:45:00,2026-05-07 15:57:00,55.2,配送超时,配送时长超过规则阈值
D000710,ORD002677,O055,2026-04-12 09:21:00,2026-04-14 12:21:00,51.0,配送超时,配送时长超过规则阈值
D000721,ORD005846,O039,2026-05-15 09:04:00,2026-05-16 23:34:00,38.5,配送超时,配送时长超过规则阈值
D000727,ORD002133,O021,2026-04-04 19:51:00,2026-04-06 08:39:00,36.8,配送超时,配送时长超过规则阈值
D000742,ORD004928,O048,2026-04-27 10:24:00,2026-04-29 13:54:00,51.5,配送超时,配送时长超过规则阈值
D000745,ORD000119,O048,2026-05-22 08:34:00,2026-05-24 13:58:00,53.4,配送超时,配送时长超过规则阈值
D000746,ORD003146,O046,2026-05-03 09:27:00,2026-05-06 05:27:00,68.0,配送超时,配送时长超过规则阈值
D000751,ORD004111,O047,2026-03-18 11:14:00,2026-03-20 11:50:00,48.6,配送超时,配送时长超过规则阈值
D000754,ORD004527,O033,2026-04-23 16:39:00,2026-04-25 16:51:00,48.2,配送超时,配送时长超过规则阈值
D000768,ORD003806,O041,2026-04-23 16:33:00,2026-04-26 03:33:00,59.0,配送超时,配送时长超过规则阈值
D000770,ORD005635,O045,2026-06-12 16:16:00,2026-06-14 19:34:00,51.3,配送超时,配送时长超过规则阈值
D000773,ORD005872,O018,2026-05-28 17:06:00,2026-05-29 18:36:00,25.5,配送超时,配送时长超过规则阈值
D000774,ORD003313,O009,2026-03-22 09:47:00,2026-03-23 09:35:00,23.8,配送超时,配送时长超过规则阈值
D000779,ORD007987,O053,2026-03-31 10:56:00,2026-04-02 19:26:00,56.5,配送超时,配送时长超过规则阈值
D000787,ORD000051,O036,2026-04-07 19:33:00,2026-04-10 06:27:00,58.9,配送超时,配送时长超过规则阈值
D000790,ORD000246,O013,2026-03-23 17:20:00,2026-03-24 19:02:00,25.7,配送超时,配送时长超过规则阈值
D000792,ORD000180,O028,2026-05-11 07:52:00,2026-05-13 10:52:00,51.0,配送超时,配送时长超过规则阈值
D000793,ORD007033,O011,2026-05-19 07:11:00,2026-05-20 07:29:00,24.3,配送超时,配送时长超过规则阈值
D000797,ORD003928,O038,2026-05-05 14:11:00,2026-05-08 04:53:00,62.7,配送超时,配送时长超过规则阈值
D000798,ORD007809,O018,2026-04-22 19:05:00,2026-04-23 20:29:00,25.4,配送超时,配送时长超过规则阈值
D000800,ORD004271,O031,2026-03-24 12:25:00,2026-03-26 20:19:00,55.9,配送超时,配送时长超过规则阈值
D000801,ORD007936,O051,2026-05-27 17:24:00,2026-05-29 10:12:00,40.8,配送超时,配送时长超过规则阈值
D000803,ORD002940,O002,2026-04-26 15:27:00,2026-04-27 15:15:00,23.8,配送超时,配送时长超过规则阈值
D000804,ORD004337,O043,2026-06-12 11:28:00,2026-06-14 22:16:00,58.8,配送超时,配送时长超过规则阈值
D000808,ORD000322,O030,2026-04-04 07:27:00,2026-04-06 10:33:00,51.1,配送超时,配送时长超过规则阈值
D000810,ORD004661,O009,2026-03-24 19:30:00,2026-03-25 15:18:00,19.8,配送超时,配送时长超过规则阈值
D000812,ORD004369,O058,2026-04-11 13:01:00,2026-04-13 15:31:00,50.5,配送超时,配送时长超过规则阈值
D000814,ORD005096,O041,2026-04-09 16:36:00,2026-04-12 09:18:00,64.7,配送超时,配送时长超过规则阈值
D000820,ORD006072,O034,2026-04-16 19:18:00,2026-04-18 22:36:00,51.3,配送超时,配送时长超过规则阈值
D000823,ORD001794,O033,2026-05-11 07:42:00,2026-05-13 13:00:00,53.3,配送超时,配送时长超过规则阈值
D000825,ORD005474,O040,2026-06-06 18:08:00,2026-06-08 23:38:00,53.5,配送超时,配送时长超过规则阈值
D000831,ORD002182,O033,2026-05-10 19:53:00,2026-05-12 23:05:00,51.2,配送超时,配送时长超过规则阈值
D000838,ORD002523,O033,2026-06-14 13:55:00,2026-06-17 02:43:00,60.8,配送超时,配送时长超过规则阈值
D000843,ORD006419,O016,2026-04-08 12:32:00,2026-04-09 11:14:00,22.7,配送超时,配送时长超过规则阈值
D000844,ORD003459,O034,2026-04-15 08:58:00,2026-04-17 21:04:00,60.1,配送超时,配送时长超过规则阈值
D000845,ORD006671,O056,2026-05-22 16:21:00,2026-05-24 20:21:00,52.0,配送超时,配送时长超过规则阈值
D000849,ORD001490,O019,2026-05-24 09:27:00,2026-05-24 23:09:00,13.7,配送超时,配送时长超过规则阈值
D000850,ORD003471,O037,2026-06-15 12:48:00,2026-06-17 22:30:00,57.7,配送超时,配送时长超过规则阈值
D000853,ORD001558,O058,2026-06-03 19:25:00,2026-06-06 02:49:00,55.4,配送超时,配送时长超过规则阈值
D000864,ORD007504,O032,2026-05-21 17:13:00,2026-05-23 23:07:00,53.9,配送超时,配送时长超过规则阈值
D000868,ORD000200,O011,2026-06-05 08:45:00,2026-06-06 10:57:00,26.2,配送超时,配送时长超过规则阈值
D000869,ORD006276,O036,2026-04-29 12:12:00,2026-05-02 02:30:00,62.3,配送超时,配送时长超过规则阈值
D000872,ORD007817,O045,2026-05-22 11:32:00,2026-05-24 20:44:00,57.2,配送超时,配送时长超过规则阈值
D000879,ORD005472,O007,2026-05-22 11:06:00,2026-05-23 14:00:00,26.9,配送超时,配送时长超过规则阈值
D000881,ORD004356,O033,2026-04-21 07:40:00,2026-04-23 12:34:00,52.9,配送超时,配送时长超过规则阈值
D000883,ORD006536,O051,2026-05-26 14:01:00,2026-05-28 09:07:00,43.1,配送超时,配送时长超过规则阈值
D000885,ORD002227,O025,2026-05-31 19:39:00,2026-06-03 10:27:00,62.8,配送超时,配送时长超过规则阈值
D000886,ORD004081,O051,2026-03-26 08:24:00,2026-03-28 15:30:00,55.1,配送超时,配送时长超过规则阈值
D000887,ORD004978,O030,2026-05-05 19:54:00,2026-05-07 23:00:00,51.1,配送超时,配送时长超过规则阈值
D000888,ORD001502,O049,2026-05-24 14:38:00,2026-05-26 19:56:00,53.3,配送超时,配送时长超过规则阈值
D000892,ORD004060,O041,2026-04-20 12:24:00,2026-04-23 04:48:00,64.4,配送超时,配送时长超过规则阈值
D000894,ORD003033,O040,2026-04-25 09:32:00,2026-04-27 01:02:00,39.5,配送超时,配送时长超过规则阈值
D000895,ORD000643,O037,2026-05-30 13:49:00,2026-06-02 01:19:00,59.5,配送超时,配送时长超过规则阈值
D000897,ORD006799,O029,2026-04-29 08:26:00,2026-05-01 18:38:00,58.2,配送超时,配送时长超过规则阈值
D000898,ORD000177,O053,2026-04-26 10:52:00,2026-04-29 05:34:00,66.7,配送超时,配送时长超过规则阈值
D000903,ORD003255,O006,2026-06-15 15:13:00,2026-06-16 13:37:00,22.4,配送超时,配送时长超过规则阈值
D000904,ORD007489,O017,2026-05-14 10:15:00,2026-05-15 07:45:00,21.5,配送超时,配送时长超过规则阈值
D000905,ORD001804,O012,2026-05-27 12:20:00,2026-05-28 12:32:00,24.2,配送超时,配送时长超过规则阈值
D000909,ORD000092,O048,2026-03-26 13:37:00,2026-03-28 15:13:00,49.6,配送超时,配送时长超过规则阈值
D000912,ORD001401,O055,2026-03-31 13:26:00,2026-04-02 20:32:00,55.1,配送超时,配送时长超过规则阈值
D000917,ORD003572,O027,2026-04-04 15:29:00,2026-04-06 15:47:00,48.3,配送超时,配送时长超过规则阈值
D000918,ORD006553,O046,2026-03-21 16:53:00,2026-03-23 06:41:00,37.8,配送超时,配送时长超过规则阈值
D000920,ORD001941,O037,2026-04-10 14:05:00,2026-04-13 09:53:00,67.8,配送超时,配送时长超过规则阈值
D000921,ORD003200,O003,2026-05-15 10:32:00,2026-05-16 11:38:00,25.1,配送超时,配送时长超过规则阈值
D000924,ORD000107,O059,2026-05-05 07:28:00,2026-05-07 09:04:00,49.6,配送超时,配送时长超过规则阈值
D000928,ORD005754,O058,2026-05-22 19:04:00,2026-05-25 08:10:00,61.1,配送超时,配送时长超过规则阈值
D000930,ORD000132,O039,2026-06-07 10:26:00,2026-06-09 11:08:00,48.7,配送超时,配送时长超过规则阈值
D000938,ORD006188,O012,2026-04-04 08:41:00,2026-04-05 02:29:00,17.8,配送超时,配送时长超过规则阈值
D000939,ORD005186,O033,2026-04-12 15:50:00,2026-04-14 17:02:00,49.2,配送超时,配送时长超过规则阈值
D000940,ORD007222,O035,2026-04-18 12:27:00,2026-04-21 02:03:00,61.6,配送超时,配送时长超过规则阈值
D000941,ORD002419,O012,2026-05-31 19:53:00,2026-06-01 08:59:00,13.1,配送超时,配送时长超过规则阈值
D000943,ORD001413,O005,2026-05-16 08:01:00,2026-05-17 01:55:00,17.9,配送超时,配送时长超过规则阈值
D000944,ORD005461,O035,2026-04-15 19:59:00,2026-04-18 02:53:00,54.9,配送超时,配送时长超过规则阈值
D000946,ORD007847,O006,2026-05-13 19:41:00,2026-05-14 13:47:00,18.1,配送超时,配送时长超过规则阈值
D000956,ORD000368,O034,2026-06-06 14:38:00,2026-06-08 14:56:00,48.3,配送超时,配送时长超过规则阈值
D000962,ORD005543,O018,2026-03-30 08:31:00,2026-03-31 09:07:00,24.6,配送超时,配送时长超过规则阈值
D000967,ORD006456,O049,2026-03-27 17:33:00,2026-03-29 20:39:00,51.1,配送超时,配送时长超过规则阈值
D000968,ORD004754,O029,2026-05-11 18:19:00,2026-05-14 08:01:00,61.7,配送超时,配送时长超过规则阈值
D000972,ORD007424,O050,2026-05-26 12:18:00,2026-05-28 21:42:00,57.4,配送超时,配送时长超过规则阈值
D000983,ORD006632,O014,2026-03-21 10:50:00,2026-03-22 13:50:00,27.0,配送超时,配送时长超过规则阈值
D000986,ORD005441,O019,2026-03-25 11:15:00,2026-03-26 04:03:00,16.8,配送超时,配送时长超过规则阈值
D000992,ORD007982,O045,2026-06-09 08:43:00,2026-06-11 21:19:00,60.6,配送超时,配送时长超过规则阈值
D000995,ORD007590,O039,2026-05-31 08:34:00,2026-06-03 04:34:00,68.0,配送超时,配送时长超过规则阈值
D000996,ORD002949,O018,2026-03-22 18:50:00,2026-03-23 21:20:00,26.5,配送超时,配送时长超过规则阈值
D001000,ORD006662,O025,2026-03-23 14:38:00,2026-03-26 01:02:00,58.4,配送超时,配送时长超过规则阈值
D001003,ORD001560,O024,2026-05-07 17:02:00,2026-05-09 19:14:00,50.2,配送超时,配送时长超过规则阈值
D001006,ORD004971,O032,2026-05-22 17:47:00,2026-05-24 20:11:00,50.4,配送超时,配送时长超过规则阈值
D001013,ORD006885,O025,2026-04-14 18:19:00,2026-04-16 20:55:00,50.6,配送超时,配送时长超过规则阈值
D001016,ORD006772,O003,2026-03-21 12:37:00,2026-03-22 13:13:00,24.6,配送超时,配送时长超过规则阈值
D001017,ORD007811,O046,2026-04-26 10:16:00,2026-04-28 13:16:00,51.0,配送超时,配送时长超过规则阈值
D001025,ORD006345,O055,2026-06-08 12:47:00,2026-06-10 20:11:00,55.4,配送超时,配送时长超过规则阈值
D001028,ORD007351,O007,2026-06-05 10:36:00,2026-06-06 13:12:00,26.6,配送超时,配送时长超过规则阈值
D001032,ORD001624,O013,2026-06-12 07:06:00,2026-06-13 02:18:00,19.2,配送超时,配送时长超过规则阈值
D001036,ORD000032,O055,2026-03-26 12:01:00,2026-03-28 01:55:00,37.9,配送超时,配送时长超过规则阈值
D001039,ORD006324,O003,2026-04-28 08:35:00,2026-04-29 10:47:00,26.2,配送超时,配送时长超过规则阈值
D001046,ORD002089,O016,2026-05-02 09:34:00,2026-05-03 11:04:00,25.5,配送超时,配送时长超过规则阈值
D001051,ORD001403,O033,2026-04-13 12:50:00,2026-04-16 01:56:00,61.1,配送超时,配送时长超过规则阈值
D001055,ORD000027,O012,2026-03-29 17:58:00,2026-03-30 08:04:00,14.1,配送超时,配送时长超过规则阈值
D001057,ORD007175,O030,2026-05-06 14:53:00,2026-05-09 08:29:00,65.6,配送超时,配送时长超过规则阈值
D001065,ORD004984,O008,2026-05-15 19:06:00,2026-05-16 16:12:00,21.1,配送超时,配送时长超过规则阈值
D001071,ORD002524,O060,2026-04-25 18:16:00,2026-04-28 09:52:00,63.6,配送超时,配送时长超过规则阈值
D001074,ORD006265,O018,2026-04-24 08:03:00,2026-04-25 08:45:00,24.7,配送超时,配送时长超过规则阈值
D001077,ORD003356,O044,2026-05-10 11:23:00,2026-05-12 04:59:00,41.6,配送超时,配送时长超过规则阈值
D001078,ORD002955,O039,2026-05-28 10:29:00,2026-05-30 15:59:00,53.5,配送超时,配送时长超过规则阈值
D001082,ORD005888,O044,2026-06-03 14:48:00,2026-06-05 17:06:00,50.3,配送超时,配送时长超过规则阈值
D001084,ORD000535,O031,2026-04-06 14:45:00,2026-04-08 20:21:00,53.6,配送超时,配送时长超过规则阈值
D001089,ORD001204,O023,2026-05-27 12:44:00,2026-05-29 11:44:00,47.0,配送超时,配送时长超过规则阈值
D001090,ORD001607,O027,2026-04-20 15:14:00,2026-04-22 16:50:00,49.6,配送超时,配送时长超过规则阈值
D001092,ORD003304,O018,2026-06-12 16:21:00,2026-06-13 22:03:00,29.7,配送超时,配送时长超过规则阈值
D001094,ORD005181,O035,2026-03-23 13:20:00,2026-03-25 09:32:00,44.2,配送超时,配送时长超过规则阈值
D001100,ORD000853,O007,2026-05-19 10:54:00,2026-05-20 05:42:00,18.8,配送超时,配送时长超过规则阈值
D001105,ORD005479,O054,2026-06-06 07:20:00,2026-06-08 12:26:00,53.1,配送超时,配送时长超过规则阈值
D001106,ORD000398,O022,2026-05-06 09:08:00,2026-05-08 09:38:00,48.5,配送超时,配送时长超过规则阈值
D001107,ORD006056,O004,2026-05-18 13:15:00,2026-05-19 13:57:00,24.7,配送超时,配送时长超过规则阈值
D001109,ORD000402,O060,2026-04-07 17:11:00,2026-04-09 20:35:00,51.4,配送超时,配送时长超过规则阈值
D001110,ORD007613,O041,2026-05-20 11:22:00,2026-05-23 07:22:00,68.0,配送超时,配送时长超过规则阈值
D001117,ORD004665,O047,2026-05-01 09:24:00,2026-05-03 17:48:00,56.4,配送超时,配送时长超过规则阈值
D001124,ORD003575,O035,2026-04-28 08:44:00,2026-04-30 14:20:00,53.6,配送超时,配送时长超过规则阈值
D001125,ORD002374,O048,2026-05-26 12:36:00,2026-05-29 03:42:00,63.1,配送超时,配送时长超过规则阈值
D001129,ORD005861,O032,2026-04-01 18:13:00,2026-04-03 23:43:00,53.5,配送超时,配送时长超过规则阈值
D001135,ORD003347,O031,2026-06-03 13:30:00,2026-06-05 15:24:00,49.9,配送超时,配送时长超过规则阈值
D001138,ORD000470,O024,2026-05-07 16:09:00,2026-05-10 03:03:00,58.9,配送超时,配送时长超过规则阈值
D001143,ORD006034,O003,2026-04-19 14:42:00,2026-04-20 17:12:00,26.5,配送超时,配送时长超过规则阈值
D001152,ORD005739,O043,2026-03-21 18:43:00,2026-03-23 15:19:00,44.6,配送超时,配送时长超过规则阈值
D001153,ORD003194,O053,2026-05-19 08:37:00,2026-05-21 04:19:00,43.7,配送超时,配送时长超过规则阈值
D001155,ORD000229,O035,2026-04-22 16:02:00,2026-04-25 04:14:00,60.2,配送超时,配送时长超过规则阈值
D001157,ORD007883,O043,2026-03-25 07:38:00,2026-03-27 13:50:00,54.2,配送超时,配送时长超过规则阈值
D001159,ORD001042,O035,2026-05-22 16:27:00,2026-05-24 18:09:00,49.7,配送超时,配送时长超过规则阈值
D001162,ORD001596,O029,2026-05-04 19:55:00,2026-05-07 03:07:00,55.2,配送超时,配送时长超过规则阈值
D001175,ORD001200,O028,2026-06-11 17:23:00,2026-06-14 01:05:00,55.7,配送超时,配送时长超过规则阈值
D001177,ORD004895,O012,2026-03-23 16:12:00,2026-03-24 09:48:00,17.6,配送超时,配送时长超过规则阈值
D001178,ORD000097,O002,2026-05-08 16:36:00,2026-05-09 18:18:00,25.7,配送超时,配送时长超过规则阈值
D001191,ORD001189,O023,2026-05-20 14:53:00,2026-05-22 19:23:00,52.5,配送超时,配送时长超过规则阈值
D001194,ORD007115,O047,2026-05-28 16:54:00,2026-05-31 05:54:00,61.0,配送超时,配送时长超过规则阈值
D001195,ORD002358,O023,2026-05-07 08:11:00,2026-05-09 21:35:00,61.4,配送超时,配送时长超过规则阈值
D001198,ORD007931,O030,2026-04-28 12:10:00,2026-04-30 00:46:00,36.6,配送超时,配送时长超过规则阈值
D001203,ORD004128,O026,2026-06-09 16:55:00,2026-06-12 01:01:00,56.1,配送超时,配送时长超过规则阈值
D001204,ORD000848,O015,2026-03-24 17:07:00,2026-03-25 07:19:00,14.2,配送超时,配送时长超过规则阈值
D001206,ORD000625,O029,2026-04-17 15:05:00,2026-04-20 01:17:00,58.2,配送超时,配送时长超过规则阈值
D001208,ORD003239,O057,2026-06-06 11:18:00,2026-06-08 19:30:00,56.2,配送超时,配送时长超过规则阈值
D001210,ORD006124,O038,2026-03-27 14:30:00,2026-03-29 17:30:00,51.0,配送超时,配送时长超过规则阈值
D001213,ORD005708,O020,2026-03-23 09:18:00,2026-03-24 10:06:00,24.8,配送超时,配送时长超过规则阈值
D001214,ORD001481,O060,2026-05-07 15:25:00,2026-05-09 16:01:00,48.6,配送超时,配送时长超过规则阈值
D001217,ORD003335,O013,2026-04-01 19:04:00,2026-04-03 00:04:00,29.0,配送超时,配送时长超过规则阈值
D001218,ORD006996,O032,2026-05-30 16:39:00,2026-06-01 22:57:00,54.3,配送超时,配送时长超过规则阈值
D001220,ORD005019,O037,2026-05-20 12:58:00,2026-05-23 06:34:00,65.6,配送超时,配送时长超过规则阈值
D001221,ORD005707,O013,2026-04-07 18:48:00,2026-04-08 10:24:00,15.6,配送超时,配送时长超过规则阈值
D001224,ORD000765,O004,2026-04-18 14:44:00,2026-04-19 07:44:00,17.0,配送超时,配送时长超过规则阈值
D001234,ORD000753,O040,2026-04-02 13:18:00,2026-04-04 23:06:00,57.8,配送超时,配送时长超过规则阈值
D001235,ORD000352,O043,2026-04-14 07:04:00,2026-04-16 18:16:00,59.2,配送超时,配送时长超过规则阈值
D001236,ORD006990,O028,2026-05-18 15:00:00,2026-05-20 22:18:00,55.3,配送超时,配送时长超过规则阈值
D001242,ORD003066,O051,2026-05-15 09:46:00,2026-05-17 05:28:00,43.7,配送超时,配送时长超过规则阈值
D001245,ORD004272,O044,2026-04-15 19:35:00,2026-04-17 20:35:00,49.0,配送超时,配送时长超过规则阈值
D001248,ORD004817,O046,2026-05-04 09:22:00,2026-05-06 21:40:00,60.3,配送超时,配送时长超过规则阈值
D001263,ORD006952,O038,2026-04-21 16:18:00,2026-04-24 01:42:00,57.4,配送超时,配送时长超过规则阈值
D001264,ORD002997,O050,2026-04-07 16:16:00,2026-04-09 16:04:00,47.8,配送超时,配送时长超过规则阈值
D001266,ORD001147,O035,2026-04-25 16:07:00,2026-04-28 03:13:00,59.1,配送超时,配送时长超过规则阈值
D001268,ORD002448,O047,2026-03-26 12:38:00,2026-03-28 10:38:00,46.0,配送超时,配送时长超过规则阈值
D001269,ORD006516,O015,2026-03-19 11:13:00,2026-03-20 05:49:00,18.6,配送超时,配送时长超过规则阈值
D001271,ORD005396,O016,2026-04-17 08:01:00,2026-04-18 12:19:00,28.3,配送超时,配送时长超过规则阈值
D001275,ORD005890,O034,2026-05-19 18:16:00,2026-05-21 22:16:00,52.0,配送超时,配送时长超过规则阈值
D001284,ORD004464,O049,2026-05-16 17:04:00,2026-05-19 06:04:00,61.0,配送超时,配送时长超过规则阈值
D001286,ORD003045,O028,2026-04-08 11:13:00,2026-04-10 22:01:00,58.8,配送超时,配送时长超过规则阈值
D001288,ORD005994,O017,2026-04-29 15:25:00,2026-04-30 15:43:00,24.3,配送超时,配送时长超过规则阈值
D001294,ORD004289,O010,2026-03-25 09:20:00,2026-03-26 07:08:00,21.8,配送超时,配送时长超过规则阈值
D001295,ORD006335,O024,2026-04-11 11:44:00,2026-04-13 19:26:00,55.7,配送超时,配送时长超过规则阈值
D001298,ORD003150,O016,2026-03-25 08:58:00,2026-03-26 09:10:00,24.2,配送超时,配送时长超过规则阈值
D001299,ORD003299,O009,2026-03-31 11:40:00,2026-04-01 13:52:00,26.2,配送超时,配送时长超过规则阈值
D001302,ORD001176,O005,2026-03-22 13:49:00,2026-03-23 06:07:00,16.3,配送超时,配送时长超过规则阈值
D001311,ORD005971,O052,2026-03-25 12:54:00,2026-03-28 01:36:00,60.7,配送超时,配送时长超过规则阈值
D001314,ORD001562,O047,2026-06-07 19:15:00,2026-06-10 03:03:00,55.8,配送超时,配送时长超过规则阈值
D001315,ORD000173,O046,2026-06-15 08:56:00,2026-06-17 10:44:00,49.8,配送超时,配送时长超过规则阈值
D001316,ORD004938,O004,2026-05-28 15:29:00,2026-05-29 15:41:00,24.2,配送超时,配送时长超过规则阈值
D001317,ORD003615,O023,2026-06-14 11:57:00,2026-06-17 04:15:00,64.3,配送超时,配送时长超过规则阈值
D001319,ORD005012,O021,2026-04-16 17:25:00,2026-04-18 19:37:00,50.2,配送超时,配送时长超过规则阈值
D001320,ORD001594,O045,2026-05-08 08:36:00,2026-05-10 13:30:00,52.9,配送超时,配送时长超过规则阈值
D001321,ORD005437,O007,2026-05-24 16:28:00,2026-05-25 09:16:00,16.8,配送超时,配送时长超过规则阈值
D001323,ORD002982,O014,2026-04-30 10:49:00,2026-05-01 05:13:00,18.4,配送超时,配送时长超过规则阈值
D001325,ORD004801,O017,2026-05-29 18:29:00,2026-05-30 14:41:00,20.2,配送超时,配送时长超过规则阈值
D001328,ORD006648,O003,2026-05-08 09:36:00,2026-05-09 01:00:00,15.4,配送超时,配送时长超过规则阈值
D001329,ORD007274,O011,2026-04-27 15:15:00,2026-04-28 19:15:00,28.0,配送超时,配送时长超过规则阈值
D001331,ORD000324,O034,2026-05-08 10:42:00,2026-05-10 16:42:00,54.0,配送超时,配送时长超过规则阈值
D001332,ORD004082,O036,2026-06-10 15:48:00,2026-06-12 12:48:00,45.0,配送超时,配送时长超过规则阈值
D001333,ORD004952,O041,2026-04-22 17:28:00,2026-04-25 10:22:00,64.9,配送超时,配送时长超过规则阈值
D001335,ORD000894,O057,2026-06-04 16:58:00,2026-06-07 01:16:00,56.3,配送超时,配送时长超过规则阈值
D001336,ORD002318,O009,2026-04-04 17:38:00,2026-04-06 00:14:00,30.6,配送超时,配送时长超过规则阈值
D001337,ORD005101,O047,2026-05-11 11:13:00,2026-05-13 23:07:00,59.9,配送超时,配送时长超过规则阈值
D001338,ORD000325,O022,2026-06-07 19:20:00,2026-06-10 02:50:00,55.5,配送超时,配送时长超过规则阈值
D001341,ORD003998,O046,2026-06-07 18:03:00,2026-06-09 23:15:00,53.2,配送超时,配送时长超过规则阈值
D001345,ORD001130,O039,2026-03-29 17:48:00,2026-03-31 20:30:00,50.7,配送超时,配送时长超过规则阈值
D001346,ORD005217,O051,2026-05-04 10:31:00,2026-05-06 19:25:00,56.9,配送超时,配送时长超过规则阈值
D001352,ORD000209,O001,2026-05-27 13:23:00,2026-05-28 02:41:00,13.3,配送超时,配送时长超过规则阈值
D001356,ORD000799,O012,2026-05-11 10:39:00,2026-05-12 06:39:00,20.0,配送超时,配送时长超过规则阈值
D001361,ORD002690,O011,2026-06-04 09:28:00,2026-06-05 03:22:00,17.9,配送超时,配送时长超过规则阈值
D001363,ORD003143,O018,2026-05-07 18:36:00,2026-05-08 13:06:00,18.5,配送超时,配送时长超过规则阈值
D001364,ORD005188,O019,2026-06-10 16:04:00,2026-06-11 14:52:00,22.8,配送超时,配送时长超过规则阈值
D001365,ORD001154,O003,2026-03-25 08:55:00,2026-03-26 09:07:00,24.2,配送超时,配送时长超过规则阈值
D001366,ORD000199,O017,2026-05-24 19:44:00,2026-05-25 19:02:00,23.3,配送超时,配送时长超过规则阈值
D001368,ORD007451,O002,2026-06-07 17:24:00,2026-06-08 12:00:00,18.6,配送超时,配送时长超过规则阈值
D001370,ORD000549,O055,2026-04-12 18:56:00,2026-04-15 03:44:00,56.8,配送超时,配送时长超过规则阈值
D001372,ORD006888,O047,2026-06-14 07:15:00,2026-06-16 12:45:00,53.5,配送超时,配送时长超过规则阈值
D001373,ORD006721,O060,2026-05-15 17:06:00,2026-05-17 18:30:00,49.4,配送超时,配送时长超过规则阈值
D001374,ORD004922,O035,2026-04-03 18:50:00,2026-04-06 02:26:00,55.6,配送超时,配送时长超过规则阈值
D001375,ORD001322,O055,2026-05-19 14:36:00,2026-05-21 02:54:00,36.3,配送超时,配送时长超过规则阈值
D001380,ORD004884,O052,2026-05-27 11:43:00,2026-05-29 21:07:00,57.4,配送超时,配送时长超过规则阈值
D001383,ORD007788,O009,2026-05-20 09:29:00,2026-05-21 11:35:00,26.1,配送超时,配送时长超过规则阈值
D001386,ORD006728,O008,2026-04-28 17:09:00,2026-04-29 06:39:00,13.5,配送超时,配送时长超过规则阈值
D001387,ORD002269,O030,2026-05-15 14:18:00,2026-05-17 22:18:00,56.0,配送超时,配送时长超过规则阈值
D001388,ORD001672,O043,2026-05-18 13:23:00,2026-05-21 08:29:00,67.1,配送超时,配送时长超过规则阈值
D001389,ORD000938,O023,2026-06-09 13:17:00,2026-06-11 14:47:00,49.5,配送超时,配送时长超过规则阈值
D001391,ORD002671,O049,2026-04-25 10:23:00,2026-04-27 11:35:00,49.2,配送超时,配送时长超过规则阈值
D001393,ORD003165,O058,2026-03-20 19:25:00,2026-03-23 03:37:00,56.2,配送超时,配送时长超过规则阈值
D001394,ORD004693,O009,2026-04-02 10:37:00,2026-04-03 07:01:00,20.4,配送超时,配送时长超过规则阈值
D001396,ORD004772,O020,2026-03-22 19:55:00,2026-03-23 22:25:00,26.5,配送超时,配送时长超过规则阈值
D001404,ORD001453,O056,2026-05-11 17:01:00,2026-05-14 04:43:00,59.7,配送超时,配送时长超过规则阈值
D001406,ORD004113,O049,2026-03-21 14:11:00,2026-03-23 16:11:00,50.0,配送超时,配送时长超过规则阈值
D001407,ORD004858,O055,2026-06-08 09:36:00,2026-06-10 11:00:00,49.4,配送超时,配送时长超过规则阈值
D001411,ORD001895,O016,2026-03-26 17:59:00,2026-03-27 07:41:00,13.7,配送超时,配送时长超过规则阈值
D001414,ORD003502,O029,2026-06-14 15:01:00,2026-06-16 20:49:00,53.8,配送超时,配送时长超过规则阈值
D001415,ORD001769,O011,2026-03-18 10:14:00,2026-03-19 01:56:00,15.7,配送超时,配送时长超过规则阈值
D001418,ORD000287,O055,2026-03-28 07:48:00,2026-03-30 12:12:00,52.4,配送超时,配送时长超过规则阈值
D001423,ORD005517,O060,2026-05-08 15:20:00,2026-05-11 04:38:00,61.3,配送超时,配送时长超过规则阈值
D001424,ORD002843,O059,2026-05-15 07:40:00,2026-05-17 09:22:00,49.7,配送超时,配送时长超过规则阈值
D001428,ORD002590,O047,2026-04-19 16:01:00,2026-04-21 21:43:00,53.7,配送超时,配送时长超过规则阈值
D001431,ORD006919,O007,2026-05-22 16:22:00,2026-05-23 11:46:00,19.4,配送超时,配送时长超过规则阈值
D001434,ORD005913,O056,2026-05-25 10:27:00,2026-05-27 07:57:00,45.5,配送超时,配送时长超过规则阈值
D001440,ORD001785,O010,2026-03-23 07:29:00,2026-03-24 11:41:00,28.2,配送超时,配送时长超过规则阈值
D001442,ORD004887,O004,2026-06-10 07:54:00,2026-06-11 10:36:00,26.7,配送超时,配送时长超过规则阈值
D001446,ORD004843,O047,2026-05-01 11:51:00,2026-05-03 21:33:00,57.7,配送超时,配送时长超过规则阈值
D001451,ORD005175,O017,2026-04-25 18:12:00,2026-04-26 09:30:00,15.3,配送超时,配送时长超过规则阈值
D001452,ORD002355,O011,2026-05-05 13:28:00,2026-05-06 15:40:00,26.2,配送超时,配送时长超过规则阈值
D001454,ORD000834,O015,2026-04-28 19:15:00,2026-04-29 16:03:00,20.8,配送超时,配送时长超过规则阈值
D001455,ORD002226,O023,2026-06-01 18:13:00,2026-06-04 13:19:00,67.1,配送超时,配送时长超过规则阈值
D001457,ORD000550,O047,2026-05-14 14:22:00,2026-05-16 17:46:00,51.4,配送超时,配送时长超过规则阈值
D001458,ORD001021,O058,2026-05-13 12:17:00,2026-05-15 14:47:00,50.5,配送超时,配送时长超过规则阈值
D001463,ORD002664,O055,2026-05-31 13:51:00,2026-06-02 04:27:00,38.6,配送超时,配送时长超过规则阈值
D001467,ORD007322,O036,2026-06-08 15:09:00,2026-06-10 16:15:00,49.1,配送超时,配送时长超过规则阈值
D001469,ORD004630,O046,2026-06-04 07:39:00,2026-06-06 14:51:00,55.2,配送超时,配送时长超过规则阈值
D001470,ORD004774,O045,2026-03-28 16:43:00,2026-03-30 17:43:00,49.0,配送超时,配送时长超过规则阈值
D001476,ORD005050,O035,2026-04-01 11:20:00,2026-04-03 13:56:00,50.6,配送超时,配送时长超过规则阈值
D001479,ORD006627,O011,2026-03-30 17:12:00,2026-03-31 11:00:00,17.8,配送超时,配送时长超过规则阈值
D001481,ORD007619,O056,2026-04-20 12:30:00,2026-04-22 14:54:00,50.4,配送超时,配送时长超过规则阈值
D001482,ORD003873,O023,2026-03-25 18:23:00,2026-03-28 11:53:00,65.5,配送超时,配送时长超过规则阈值
D001486,ORD006824,O006,2026-05-17 18:13:00,2026-05-18 11:25:00,17.2,配送超时,配送时长超过规则阈值
D001487,ORD003359,O029,2026-06-05 13:30:00,2026-06-08 09:30:00,68.0,配送超时,配送时长超过规则阈值
D001488,ORD007606,O045,2026-05-02 10:58:00,2026-05-04 14:46:00,51.8,配送超时,配送时长超过规则阈值
D001493,ORD006692,O036,2026-04-13 13:10:00,2026-04-15 19:34:00,54.4,配送超时,配送时长超过规则阈值
D001494,ORD005373,O002,2026-05-22 08:57:00,2026-05-23 06:09:00,21.2,配送超时,配送时长超过规则阈值
D001495,ORD006677,O049,2026-06-03 18:54:00,2026-06-06 04:24:00,57.5,配送超时,配送时长超过规则阈值
D001498,ORD001182,O032,2026-06-03 19:18:00,2026-06-06 01:18:00,54.0,配送超时,配送时长超过规则阈值
D001502,ORD001993,O047,2026-05-11 11:40:00,2026-05-14 01:10:00,61.5,配送超时,配送时长超过规则阈值
D001506,ORD005909,O047,2026-06-09 11:25:00,2026-06-12 03:19:00,63.9,配送超时,配送时长超过规则阈值
D001517,ORD005609,O034,2026-04-10 10:07:00,2026-04-12 16:19:00,54.2,配送超时,配送时长超过规则阈值
D001518,ORD001783,O043,2026-03-18 13:05:00,2026-03-21 04:53:00,63.8,配送超时,配送时长超过规则阈值
D001520,ORD006679,O046,2026-06-06 19:34:00,2026-06-09 06:58:00,59.4,配送超时,配送时长超过规则阈值
D001523,ORD000294,O040,2026-04-27 19:52:00,2026-04-30 07:10:00,59.3,配送超时,配送时长超过规则阈值
D001524,ORD005849,O059,2026-04-23 07:25:00,2026-04-25 00:55:00,41.5,配送超时,配送时长超过规则阈值
D001525,ORD003648,O015,2026-03-22 13:15:00,2026-03-23 02:03:00,12.8,配送超时,配送时长超过规则阈值
D001529,ORD007540,O007,2026-05-29 15:02:00,2026-05-30 16:50:00,25.8,配送超时,配送时长超过规则阈值
D001536,ORD006051,O012,2026-03-18 12:26:00,2026-03-19 15:26:00,27.0,配送超时,配送时长超过规则阈值
D001539,ORD002572,O035,2026-04-11 12:18:00,2026-04-13 17:12:00,52.9,配送超时,配送时长超过规则阈值
D001541,ORD005710,O047,2026-05-14 09:44:00,2026-05-16 22:38:00,60.9,配送超时,配送时长超过规则阈值
D001547,ORD006631,O041,2026-05-20 10:31:00,2026-05-22 14:07:00,51.6,配送超时,配送时长超过规则阈值
D001548,ORD004103,O049,2026-05-02 10:39:00,2026-05-04 16:27:00,53.8,配送超时,配送时长超过规则阈值
D001555,ORD006735,O046,2026-05-15 12:23:00,2026-05-17 15:53:00,51.5,配送超时,配送时长超过规则阈值
D001565,ORD002639,O050,2026-05-13 19:45:00,2026-05-15 13:09:00,41.4,配送超时,配送时长超过规则阈值
D001580,ORD003533,O033,2026-06-03 09:19:00,2026-06-05 11:55:00,50.6,配送超时,配送时长超过规则阈值
D001592,ORD000232,O026,2026-03-29 09:21:00,2026-03-31 10:21:00,49.0,配送超时,配送时长超过规则阈值
D001594,ORD006881,O034,2026-05-08 15:20:00,2026-05-10 09:50:00,42.5,配送超时,配送时长超过规则阈值
D001601,ORD001468,O059,2026-05-28 12:51:00,2026-05-31 02:03:00,61.2,配送超时,配送时长超过规则阈值
D001603,ORD005715,O010,2026-04-14 14:09:00,2026-04-15 17:45:00,27.6,配送超时,配送时长超过规则阈值
D001609,ORD001451,O035,2026-03-21 17:56:00,2026-03-23 18:14:00,48.3,配送超时,配送时长超过规则阈值
D001610,ORD005068,O033,2026-06-04 13:35:00,2026-06-07 00:05:00,58.5,配送超时,配送时长超过规则阈值
D001613,ORD005329,O012,2026-04-03 08:00:00,2026-04-04 06:42:00,22.7,配送超时,配送时长超过规则阈值
D001615,ORD006129,O048,2026-06-09 12:03:00,2026-06-11 15:51:00,51.8,配送超时,配送时长超过规则阈值
D001617,ORD005398,O058,2026-06-09 15:51:00,2026-06-11 19:15:00,51.4,配送超时,配送时长超过规则阈值
D001618,ORD001489,O011,2026-03-29 16:37:00,2026-03-30 16:07:00,23.5,配送超时,配送时长超过规则阈值
D001619,ORD007279,O040,2026-03-21 11:26:00,2026-03-23 11:44:00,48.3,配送超时,配送时长超过规则阈值
D001620,ORD005489,O056,2026-03-19 09:44:00,2026-03-21 15:44:00,54.0,配送超时,配送时长超过规则阈值
D001622,ORD007828,O036,2026-06-07 10:29:00,2026-06-09 12:53:00,50.4,配送超时,配送时长超过规则阈值
D001626,ORD000266,O001,2026-06-02 17:55:00,2026-06-03 07:49:00,13.9,配送超时,配送时长超过规则阈值
D001627,ORD000001,O027,2026-04-02 17:33:00,2026-04-05 00:21:00,54.8,配送超时,配送时长超过规则阈值
D001632,ORD007812,O002,2026-04-06 15:07:00,2026-04-07 16:07:00,25.0,配送超时,配送时长超过规则阈值
D001640,ORD006505,O011,2026-05-29 12:23:00,2026-05-30 09:47:00,21.4,配送超时,配送时长超过规则阈值
D001642,ORD002250,O026,2026-06-15 12:47:00,2026-06-18 00:29:00,59.7,配送超时,配送时长超过规则阈值
D001650,ORD000122,O038,2026-06-02 07:24:00,2026-06-04 09:24:00,50.0,配送超时,配送时长超过规则阈值
D001651,ORD005459,O004,2026-03-23 17:58:00,2026-03-24 23:10:00,29.2,配送超时,配送时长超过规则阈值
D001652,ORD006400,O014,2026-05-20 07:47:00,2026-05-21 06:05:00,22.3,配送超时,配送时长超过规则阈值
D001653,ORD001091,O049,2026-05-09 11:38:00,2026-05-11 15:08:00,51.5,配送超时,配送时长超过规则阈值
D001655,ORD001373,O029,2026-04-23 16:55:00,2026-04-26 04:07:00,59.2,配送超时,配送时长超过规则阈值
D001660,ORD006068,O038,2026-05-08 10:15:00,2026-05-10 12:15:00,50.0,配送超时,配送时长超过规则阈值
D001672,ORD007109,O044,2026-05-20 17:11:00,2026-05-22 18:47:00,49.6,配送超时,配送时长超过规则阈值
D001674,ORD007537,O009,2026-04-25 15:12:00,2026-04-26 09:06:00,17.9,配送超时,配送时长超过规则阈值
D001681,ORD003218,O052,2026-06-15 13:02:00,2026-06-17 16:56:00,51.9,配送超时,配送时长超过规则阈值
D001682,ORD007213,O019,2026-04-28 19:52:00,2026-04-29 12:40:00,16.8,配送超时,配送时长超过规则阈值
D001683,ORD004664,O013,2026-06-06 18:30:00,2026-06-07 20:06:00,25.6,配送超时,配送时长超过规则阈值
D001684,ORD000433,O036,2026-06-06 09:57:00,2026-06-08 13:27:00,51.5,配送超时,配送时长超过规则阈值
D001687,ORD003455,O042,2026-05-23 10:34:00,2026-05-25 15:16:00,52.7,配送超时,配送时长超过规则阈值
D001689,ORD003735,O019,2026-06-15 11:00:00,2026-06-16 15:06:00,28.1,配送超时,配送时长超过规则阈值
D001695,ORD002281,O001,2026-04-13 09:50:00,2026-04-14 18:56:00,33.1,配送超时,配送时长超过规则阈值
D001698,ORD003072,O033,2026-05-11 12:40:00,2026-05-13 20:22:00,55.7,配送超时,配送时长超过规则阈值
D001708,ORD006367,O045,2026-04-11 16:13:00,2026-04-13 20:43:00,52.5,配送超时,配送时长超过规则阈值
D001716,ORD001707,O002,2026-05-24 19:52:00,2026-05-25 11:40:00,15.8,配送超时,配送时长超过规则阈值
D001719,ORD004087,O054,2026-04-07 16:15:00,2026-04-09 23:03:00,54.8,配送超时,配送时长超过规则阈值
D001721,ORD004374,O013,2026-04-09 13:03:00,2026-04-10 05:03:00,16.0,配送超时,配送时长超过规则阈值
D001724,ORD005289,O012,2026-05-01 15:19:00,2026-05-02 07:37:00,16.3,配送超时,配送时长超过规则阈值
D001726,ORD001871,O060,2026-04-09 09:43:00,2026-04-11 05:25:00,43.7,配送超时,配送时长超过规则阈值
D001727,ORD005815,O047,2026-05-17 13:02:00,2026-05-19 20:50:00,55.8,配送超时,配送时长超过规则阈值
D001728,ORD001865,O005,2026-06-05 11:15:00,2026-06-06 13:33:00,26.3,配送超时,配送时长超过规则阈值
D001729,ORD004538,O024,2026-05-12 13:24:00,2026-05-14 15:12:00,49.8,配送超时,配送时长超过规则阈值
D001732,ORD000905,O009,2026-06-04 16:40:00,2026-06-05 10:34:00,17.9,配送超时,配送时长超过规则阈值
D001742,ORD007534,O049,2026-05-18 10:42:00,2026-05-20 03:00:00,40.3,配送超时,配送时长超过规则阈值
D001745,ORD006140,O007,2026-04-23 08:43:00,2026-04-24 03:55:00,19.2,配送超时,配送时长超过规则阈值
D001747,ORD003297,O025,2026-04-20 15:09:00,2026-04-22 16:57:00,49.8,配送超时,配送时长超过规则阈值
D001748,ORD002624,O023,2026-03-21 17:06:00,2026-03-24 00:36:00,55.5,配送超时,配送时长超过规则阈值
D001753,ORD004914,O058,2026-04-20 19:57:00,2026-04-23 00:15:00,52.3,配送超时,配送时长超过规则阈值
D001754,ORD005194,O027,2026-04-29 08:55:00,2026-05-01 19:01:00,58.1,配送超时,配送时长超过规则阈值
D001756,ORD006154,O003,2026-06-14 08:26:00,2026-06-15 10:44:00,26.3,配送超时,配送时长超过规则阈值
D001758,ORD000255,O024,2026-04-17 11:05:00,2026-04-20 07:05:00,68.0,配送超时,配送时长超过规则阈值
D001763,ORD000268,O014,2026-06-02 14:02:00,2026-06-03 13:20:00,23.3,配送超时,配送时长超过规则阈值
D001772,ORD005036,O002,2026-03-22 11:08:00,2026-03-23 01:02:00,13.9,配送超时,配送时长超过规则阈值
D001773,ORD003204,O056,2026-05-01 19:23:00,2026-05-03 15:11:00,43.8,配送超时,配送时长超过规则阈值
D001774,ORD000304,O003,2026-06-03 11:14:00,2026-06-04 04:08:00,16.9,配送超时,配送时长超过规则阈值
D001780,ORD001211,O021,2026-05-28 08:48:00,2026-05-30 03:06:00,42.3,配送超时,配送时长超过规则阈值
D001782,ORD002958,O035,2026-04-05 14:40:00,2026-04-08 01:34:00,58.9,配送超时,配送时长超过规则阈值
D001783,ORD006920,O034,2026-04-23 15:52:00,2026-04-26 08:16:00,64.4,配送超时,配送时长超过规则阈值
D001788,ORD000377,O013,2026-03-31 13:57:00,2026-04-01 12:39:00,22.7,配送超时,配送时长超过规则阈值
D001795,ORD004059,O025,2026-04-14 15:56:00,2026-04-16 18:38:00,50.7,配送超时,配送时长超过规则阈值
D001798,ORD000189,O030,2026-05-24 08:14:00,2026-05-26 15:44:00,55.5,配送超时,配送时长超过规则阈值
D001800,ORD001202,O012,2026-05-16 19:12:00,2026-05-17 19:18:00,24.1,配送超时,配送时长超过规则阈值
D001803,ORD001537,O006,2026-05-13 16:03:00,2026-05-14 12:39:00,20.6,配送超时,配送时长超过规则阈值
D001808,ORD003107,O057,2026-06-13 17:18:00,2026-06-15 16:36:00,47.3,配送超时,配送时长超过规则阈值
D001816,ORD000673,O012,2026-04-11 08:34:00,2026-04-12 09:40:00,25.1,配送超时,配送时长超过规则阈值
D001819,ORD006982,O046,2026-05-12 12:30:00,2026-05-14 19:54:00,55.4,配送超时,配送时长超过规则阈值
D001822,ORD006981,O043,2026-05-24 07:04:00,2026-05-27 00:34:00,65.5,配送超时,配送时长超过规则阈值
D001823,ORD006406,O035,2026-04-28 14:52:00,2026-04-30 20:58:00,54.1,配送超时,配送时长超过规则阈值
D001826,ORD001193,O011,2026-06-09 08:31:00,2026-06-10 04:31:00,20.0,配送超时,配送时长超过规则阈值
D001830,ORD007208,O056,2026-04-24 18:48:00,2026-04-27 07:12:00,60.4,配送超时,配送时长超过规则阈值
D001832,ORD000217,O058,2026-03-31 08:20:00,2026-04-02 04:32:00,44.2,配送超时,配送时长超过规则阈值
D001833,ORD004605,O003,2026-05-03 19:02:00,2026-05-04 10:32:00,15.5,配送超时,配送时长超过规则阈值
D001834,ORD005426,O049,2026-04-01 11:58:00,2026-04-04 01:40:00,61.7,配送超时,配送时长超过规则阈值
D001837,ORD005317,O007,2026-05-18 08:50:00,2026-05-19 04:44:00,19.9,配送超时,配送时长超过规则阈值
D001841,ORD001583,O005,2026-05-12 11:49:00,2026-05-13 02:55:00,15.1,配送超时,配送时长超过规则阈值
D001844,ORD007686,O039,2026-04-26 09:56:00,2026-04-28 05:32:00,43.6,配送超时,配送时长超过规则阈值
D001851,ORD003612,O017,2026-06-14 14:22:00,2026-06-15 02:40:00,12.3,配送超时,配送时长超过规则阈值
D001853,ORD003351,O035,2026-06-05 07:16:00,2026-06-07 09:58:00,50.7,配送超时,配送时长超过规则阈值
D001854,ORD006469,O016,2026-04-02 10:31:00,2026-04-03 11:43:00,25.2,配送超时,配送时长超过规则阈值
D001855,ORD005131,O001,2026-05-05 07:07:00,2026-05-06 07:31:00,24.4,配送超时,配送时长超过规则阈值
D001856,ORD002578,O003,2026-06-07 11:19:00,2026-06-08 15:31:00,28.2,配送超时,配送时长超过规则阈值
D001858,ORD007066,O048,2026-04-15 12:24:00,2026-04-17 14:18:00,49.9,配送超时,配送时长超过规则阈值
D001859,ORD006716,O016,2026-03-30 11:23:00,2026-03-31 14:05:00,26.7,配送超时,配送时长超过规则阈值
D001863,ORD007956,O023,2026-05-16 08:25:00,2026-05-18 16:55:00,56.5,配送超时,配送时长超过规则阈值
D001864,ORD003394,O048,2026-04-21 17:42:00,2026-04-24 00:12:00,54.5,配送超时,配送时长超过规则阈值
D001865,ORD006591,O009,2026-03-25 16:15:00,2026-03-26 15:09:00,22.9,配送超时,配送时长超过规则阈值
D001866,ORD007002,O046,2026-05-30 11:33:00,2026-06-02 03:15:00,63.7,配送超时,配送时长超过规则阈值
D001870,ORD005521,O060,2026-05-11 10:57:00,2026-05-13 11:09:00,48.2,配送超时,配送时长超过规则阈值
D001873,ORD007923,O035,2026-05-03 15:10:00,2026-05-05 19:22:00,52.2,配送超时,配送时长超过规则阈值
D001874,ORD003039,O010,2026-05-15 19:27:00,2026-05-16 13:03:00,17.6,配送超时,配送时长超过规则阈值
D001876,ORD004619,O013,2026-04-18 10:20:00,2026-04-19 10:56:00,24.6,配送超时,配送时长超过规则阈值
D001877,ORD006435,O039,2026-04-09 15:44:00,2026-04-11 22:14:00,54.5,配送超时,配送时长超过规则阈值
D001879,ORD006871,O054,2026-04-12 14:09:00,2026-04-14 21:57:00,55.8,配送超时,配送时长超过规则阈值
D001884,ORD007398,O019,2026-04-05 07:08:00,2026-04-06 10:02:00,26.9,配送超时,配送时长超过规则阈值
D001885,ORD002928,O023,2026-04-12 09:58:00,2026-04-14 15:34:00,53.6,配送超时,配送时长超过规则阈值
D001887,ORD007329,O056,2026-05-03 07:15:00,2026-05-06 01:15:00,66.0,配送超时,配送时长超过规则阈值
D001888,ORD005705,O041,2026-06-12 11:05:00,2026-06-14 21:11:00,58.1,配送超时,配送时长超过规则阈值
D001892,ORD005169,O026,2026-04-03 07:11:00,2026-04-05 09:23:00,50.2,配送超时,配送时长超过规则阈值
D001893,ORD002570,O020,2026-05-24 15:22:00,2026-05-25 06:10:00,14.8,配送超时,配送时长超过规则阈值
D001899,ORD001653,O044,2026-06-06 16:13:00,2026-06-09 00:25:00,56.2,配送超时,配送时长超过规则阈值
D001901,ORD005118,O002,2026-03-25 08:00:00,2026-03-26 02:18:00,18.3,配送超时,配送时长超过规则阈值
D001902,ORD001894,O035,2026-05-31 15:34:00,2026-06-02 19:28:00,51.9,配送超时,配送时长超过规则阈值
D001903,ORD005325,O036,2026-05-23 15:40:00,2026-05-26 00:16:00,56.6,配送超时,配送时长超过规则阈值
D001906,ORD005323,O014,2026-03-25 08:36:00,2026-03-26 08:18:00,23.7,配送超时,配送时长超过规则阈值
D001916,ORD001601,O005,2026-06-10 07:05:00,2026-06-11 08:11:00,25.1,配送超时,配送时长超过规则阈值
D001917,ORD006635,O003,2026-03-19 07:05:00,2026-03-19 22:17:00,15.2,配送超时,配送时长超过规则阈值
D001919,ORD003361,O030,2026-06-15 14:10:00,2026-06-17 13:22:00,47.2,配送超时,配送时长超过规则阈值
D001921,ORD002852,O048,2026-06-09 14:31:00,2026-06-11 18:25:00,51.9,配送超时,配送时长超过规则阈值
D001923,ORD005820,O009,2026-05-18 08:32:00,2026-05-19 03:08:00,18.6,配送超时,配送时长超过规则阈值
D001927,ORD000806,O027,2026-04-11 07:27:00,2026-04-14 02:03:00,66.6,配送超时,配送时长超过规则阈值
D001930,ORD006694,O051,2026-04-27 12:01:00,2026-04-29 19:25:00,55.4,配送超时,配送时长超过规则阈值
D001935,ORD007131,O010,2026-05-11 07:09:00,2026-05-11 23:45:00,16.6,配送超时,配送时长超过规则阈值
D001940,ORD002134,O047,2026-04-24 14:24:00,2026-04-26 20:36:00,54.2,配送超时,配送时长超过规则阈值
D001944,ORD007836,O053,2026-03-23 17:37:00,2026-03-25 13:55:00,44.3,配送超时,配送时长超过规则阈值
D001945,ORD006476,O007,2026-04-25 14:49:00,2026-04-26 10:55:00,20.1,配送超时,配送时长超过规则阈值
D001946,ORD003136,O049,2026-05-17 10:28:00,2026-05-19 10:46:00,48.3,配送超时,配送时长超过规则阈值
D001950,ORD003040,O003,2026-05-18 12:37:00,2026-05-19 13:43:00,25.1,配送超时,配送时长超过规则阈值
D001957,ORD000111,O034,2026-03-23 15:55:00,2026-03-25 21:07:00,53.2,配送超时,配送时长超过规则阈值
D001959,ORD001500,O060,2026-06-03 19:12:00,2026-06-05 13:48:00,42.6,配送超时,配送时长超过规则阈值
D001966,ORD002727,O024,2026-06-14 09:05:00,2026-06-16 16:29:00,55.4,配送超时,配送时长超过规则阈值
D001967,ORD005598,O016,2026-05-21 09:31:00,2026-05-22 05:07:00,19.6,配送超时,配送时长超过规则阈值
D001971,ORD001796,O027,2026-04-06 11:20:00,2026-04-08 11:56:00,48.6,配送超时,配送时长超过规则阈值
D001973,ORD006441,O045,2026-03-30 08:47:00,2026-04-01 16:59:00,56.2,配送超时,配送时长超过规则阈值
D001975,ORD004592,O001,2026-04-18 19:49:00,2026-04-19 22:55:00,27.1,配送超时,配送时长超过规则阈值
D001977,ORD005158,O029,2026-05-24 18:56:00,2026-05-26 22:32:00,51.6,配送超时,配送时长超过规则阈值
D001978,ORD002946,O058,2026-03-21 18:00:00,2026-03-24 02:42:00,56.7,配送超时,配送时长超过规则阈值
D001985,ORD004825,O059,2026-04-06 08:40:00,2026-04-08 16:52:00,56.2,配送超时,配送时长超过规则阈值
D001992,ORD000706,O014,2026-04-22 08:08:00,2026-04-23 01:56:00,17.8,配送超时,配送时长超过规则阈值
D001994,ORD002517,O025,2026-06-03 08:27:00,2026-06-05 14:33:00,54.1,配送超时,配送时长超过规则阈值
D001998,ORD001919,O013,2026-04-15 14:50:00,2026-04-16 08:20:00,17.5,配送超时,配送时长超过规则阈值
D002000,ORD003729,O007,2026-05-22 10:17:00,2026-05-23 15:47:00,29.5,配送超时,配送时长超过规则阈值
D002011,ORD007511,O011,2026-03-25 11:08:00,2026-03-26 02:56:00,15.8,配送超时,配送时长超过规则阈值
D002014,ORD002184,O048,2026-04-11 09:00:00,2026-04-13 02:00:00,41.0,配送超时,配送时长超过规则阈值
D002018,ORD002446,O038,2026-04-02 11:25:00,2026-04-04 13:01:00,49.6,配送超时,配送时长超过规则阈值
D002019,ORD002413,O013,2026-05-27 08:21:00,2026-05-28 09:15:00,24.9,配送超时,配送时长超过规则阈值
D002034,ORD000291,O011,2026-03-24 14:27:00,2026-03-25 16:33:00,26.1,配送超时,配送时长超过规则阈值
D002038,ORD002751,O020,2026-05-09 10:24:00,2026-05-10 02:06:00,15.7,配送超时,配送时长超过规则阈值
D002043,ORD005293,O036,2026-06-12 14:05:00,2026-06-14 14:41:00,48.6,配送超时,配送时长超过规则阈值
D002044,ORD003465,O020,2026-05-11 11:00:00,2026-05-12 14:48:00,27.8,配送超时,配送时长超过规则阈值
D002047,ORD006715,O038,2026-06-05 18:04:00,2026-06-08 06:40:00,60.6,配送超时,配送时长超过规则阈值
D002048,ORD006664,O005,2026-05-15 13:40:00,2026-05-16 14:04:00,24.4,配送超时,配送时长超过规则阈值
D002049,ORD005092,O022,2026-04-21 10:14:00,2026-04-23 13:50:00,51.6,配送超时,配送时长超过规则阈值
D002051,ORD007570,O037,2026-05-16 15:20:00,2026-05-18 20:20:00,53.0,配送超时,配送时长超过规则阈值
D002052,ORD006779,O025,2026-03-18 14:07:00,2026-03-20 08:25:00,42.3,配送超时,配送时长超过规则阈值
D002057,ORD002390,O013,2026-05-28 08:20:00,2026-05-29 08:44:00,24.4,配送超时,配送时长超过规则阈值
D002061,ORD004488,O040,2026-04-23 16:21:00,2026-04-25 17:33:00,49.2,配送超时,配送时长超过规则阈值
D002063,ORD001361,O025,2026-04-03 17:25:00,2026-04-05 20:07:00,50.7,配送超时,配送时长超过规则阈值
D002067,ORD007977,O010,2026-05-06 15:28:00,2026-05-07 17:46:00,26.3,配送超时,配送时长超过规则阈值
D002068,ORD004603,O035,2026-04-21 13:16:00,2026-04-23 18:58:00,53.7,配送超时,配送时长超过规则阈值
D002071,ORD000123,O016,2026-06-07 18:06:00,2026-06-08 19:00:00,24.9,配送超时,配送时长超过规则阈值
D002073,ORD000663,O030,2026-05-24 11:55:00,2026-05-26 03:37:00,39.7,配送超时,配送时长超过规则阈值
D002075,ORD002190,O048,2026-06-15 19:07:00,2026-06-17 08:25:00,37.3,配送超时,配送时长超过规则阈值
D002077,ORD002132,O012,2026-05-05 18:13:00,2026-05-06 21:43:00,27.5,配送超时,配送时长超过规则阈值
D002080,ORD001444,O017,2026-05-31 09:35:00,2026-06-01 09:41:00,24.1,配送超时,配送时长超过规则阈值
D002084,ORD006750,O025,2026-06-07 09:22:00,2026-06-09 15:40:00,54.3,配送超时,配送时长超过规则阈值
D002089,ORD003949,O006,2026-04-07 14:14:00,2026-04-08 02:50:00,12.6,配送超时,配送时长超过规则阈值
D002092,ORD002581,O026,2026-06-01 09:40:00,2026-06-03 22:22:00,60.7,配送超时,配送时长超过规则阈值
D002094,ORD001102,O020,2026-04-07 12:03:00,2026-04-08 12:09:00,24.1,配送超时,配送时长超过规则阈值
D002095,ORD006225,O014,2026-06-11 18:39:00,2026-06-12 20:27:00,25.8,配送超时,配送时长超过规则阈值
D002102,ORD000578,O029,2026-05-17 07:31:00,2026-05-19 16:13:00,56.7,配送超时,配送时长超过规则阈值
D002106,ORD005832,O002,2026-05-24 09:38:00,2026-05-25 07:08:00,21.5,配送超时,配送时长超过规则阈值
D002108,ORD004305,O049,2026-05-16 15:22:00,2026-05-18 23:58:00,56.6,配送超时,配送时长超过规则阈值
D002110,ORD005361,O019,2026-06-12 13:47:00,2026-06-13 02:23:00,12.6,配送超时,配送时长超过规则阈值
D002112,ORD007554,O027,2026-04-10 14:07:00,2026-04-12 22:55:00,56.8,配送超时,配送时长超过规则阈值
D002114,ORD007498,O007,2026-03-26 16:11:00,2026-03-27 18:59:00,26.8,配送超时,配送时长超过规则阈值
D002117,ORD006794,O014,2026-03-29 10:55:00,2026-03-30 14:19:00,27.4,配送超时,配送时长超过规则阈值
D002118,ORD000185,O019,2026-04-17 10:19:00,2026-04-18 07:19:00,21.0,配送超时,配送时长超过规则阈值
D002127,ORD001761,O045,2026-05-17 13:16:00,2026-05-19 22:40:00,57.4,配送超时,配送时长超过规则阈值
D002132,ORD001120,O018,2026-04-27 14:36:00,2026-04-28 15:12:00,24.6,配送超时,配送时长超过规则阈值
D002133,ORD002674,O041,2026-03-23 07:41:00,2026-03-25 21:53:00,62.2,配送超时,配送时长超过规则阈值
D002134,ORD002606,O028,2026-05-25 18:33:00,2026-05-27 19:03:00,48.5,配送超时,配送时长超过规则阈值
D002135,ORD001922,O057,2026-05-26 19:28:00,2026-05-28 20:40:00,49.2,配送超时,配送时长超过规则阈值
D002137,ORD004709,O035,2026-03-31 18:48:00,2026-04-03 14:48:00,68.0,配送超时,配送时长超过规则阈值
D002140,ORD004240,O047,2026-04-16 07:17:00,2026-04-18 13:59:00,54.7,配送超时,配送时长超过规则阈值
D002145,ORD000559,O012,2026-05-18 17:25:00,2026-05-19 05:49:00,12.4,配送超时,配送时长超过规则阈值
D002152,ORD004413,O045,2026-04-11 13:23:00,2026-04-13 23:59:00,58.6,配送超时,配送时长超过规则阈值
D002153,ORD005029,O054,2026-05-10 08:13:00,2026-05-12 23:55:00,63.7,配送超时,配送时长超过规则阈值
D002154,ORD005965,O023,2026-05-02 14:02:00,2026-05-04 19:08:00,53.1,配送超时,配送时长超过规则阈值
D002156,ORD003197,O043,2026-04-10 10:38:00,2026-04-12 09:38:00,47.0,配送超时,配送时长超过规则阈值
D002157,ORD000016,O020,2026-04-07 13:03:00,2026-04-08 04:45:00,15.7,配送超时,配送时长超过规则阈值
D002163,ORD004248,O049,2026-04-30 14:16:00,2026-05-03 02:10:00,59.9,配送超时,配送时长超过规则阈值
D002168,ORD001363,O013,2026-05-27 11:18:00,2026-05-28 04:42:00,17.4,配送超时,配送时长超过规则阈值
D002169,ORD001213,O014,2026-06-13 19:45:00,2026-06-14 20:21:00,24.6,配送超时,配送时长超过规则阈值
D002177,ORD006520,O040,2026-03-22 13:32:00,2026-03-24 22:38:00,57.1,配送超时,配送时长超过规则阈值
D002179,ORD001834,O049,2026-05-07 19:26:00,2026-05-09 21:20:00,49.9,配送超时,配送时长超过规则阈值
D002184,ORD004191,O035,2026-04-03 18:51:00,2026-04-05 17:15:00,46.4,配送超时,配送时长超过规则阈值
D002185,ORD003716,O052,2026-03-26 19:49:00,2026-03-29 05:37:00,57.8,配送超时,配送时长超过规则阈值
D002189,ORD001033,O008,2026-03-28 19:56:00,2026-03-29 09:02:00,13.1,配送超时,配送时长超过规则阈值
D002191,ORD006385,O009,2026-05-14 16:44:00,2026-05-15 18:44:00,26.0,配送超时,配送时长超过规则阈值
D002192,ORD003835,O009,2026-04-24 15:44:00,2026-04-25 15:50:00,24.1,配送超时,配送时长超过规则阈值
D002196,ORD000692,O032,2026-04-12 19:12:00,2026-04-15 01:42:00,54.5,配送超时,配送时长超过规则阈值
D002202,ORD006770,O030,2026-06-15 12:21:00,2026-06-17 16:45:00,52.4,配送超时,配送时长超过规则阈值
D002207,ORD003396,O021,2026-03-31 19:13:00,2026-04-02 23:55:00,52.7,配送超时,配送时长超过规则阈值
D002209,ORD003015,O044,2026-04-14 16:23:00,2026-04-16 20:11:00,51.8,配送超时,配送时长超过规则阈值
D002210,ORD001684,O035,2026-04-25 18:33:00,2026-04-28 02:45:00,56.2,配送超时,配送时长超过规则阈值
